{
    "allowClient": false,
    "conditionSwitch": 1,
    "updateMode": false,
    "commands": [
        [
            18,
            "//------------------------------------------------------------------------------------------------------\n// 当执行场景对象的行为开始前执行的事件\n//------------------------------------------------------------------------------------------------------",
            {
                "___cmdID": "94714000160_0.6336463259538763"
            }
        ],
        [
            18,
            "如果是玩家对象，则派发新的行为前暂停奔跑，如果有些地方不需要此功能，可以自行用开关控制",
            {
                "___cmdID": "94714000160_0.7673050356116711"
            }
        ],
        [
            0,
            0,
            4,
            [
                0,
                1,
                1,
                0
            ],
            0,
            4,
            [
                0,
                1,
                1,
                0
            ],
            0,
            [
                1,
                1,
                [
                    0,
                    0,
                    1,
                    1
                ]
            ],
            0,
            0,
            [
                1,
                1
            ],
            "",
            "",
            false,
            null,
            null,
            [
                2,
                {
                    "type": 0,
                    "posMode": 0,
                    "customAttrName": "",
                    "soType": 2,
                    "useVar": 0,
                    "no": 0,
                    "varID": 0
                },
                [
                    {
                        "42657064543_0.724447104540606": 0,
                        "42657260229_0.9459348877505995": 0,
                        "42657330474_0.5456078300460445": "",
                        "42664713486_0.3887133368359288": 2,
                        "42664713486_0.09898355139063386": 0,
                        "42664713486_0.7762137906641664": 0,
                        "42664713486_0.9108713362269023": 0
                    }
                ]
            ],
            [
                2,
                {
                    "type": 0,
                    "posMode": 0,
                    "customAttrName": "",
                    "soType": 0,
                    "useVar": 0,
                    "no": 0,
                    "varID": 0
                },
                [
                    {
                        "42657064543_0.724447104540606": 0,
                        "42657260229_0.9459348877505995": 0,
                        "42657330474_0.5456078300460445": "",
                        "42664713486_0.3887133368359288": 0,
                        "42664713486_0.09898355139063386": 0,
                        "42664713486_0.7762137906641664": 0,
                        "42664713486_0.9108713362269023": 0
                    }
                ]
            ],
            null,
            null,
            0,
            0,
            [
                0,
                {},
                ""
            ],
            [
                0,
                {},
                ""
            ],
            {
                "___cmdID": "94714000160_0.7724813220733444"
            }
        ],
        [
            0,
            1,
            0,
            [
                0,
                1,
                1,
                0
            ],
            0,
            0,
            [
                0,
                1,
                1,
                0
            ],
            1,
            [
                1,
                15001,
                [
                    0,
                    0
                ]
            ],
            1,
            0,
            [
                1,
                1
            ],
            "",
            "",
            false,
            null,
            null,
            null,
            null,
            null,
            null,
            0,
            {
                "___cmdID": "94714000160_0.15890831887284151"
            }
        ],
        [
            0,
            0,
            2,
            [
                0,
                1,
                15007,
                0
            ],
            5,
            0,
            [
                0,
                1,
                1,
                0
            ],
            0,
            [
                1,
                1,
                [
                    0,
                    0
                ]
            ],
            0,
            0,
            [
                1,
                1
            ],
            "",
            "",
            false,
            null,
            null,
            null,
            null,
            null,
            null,
            0,
            {
                "___cmdID": "94714000160_0.07383408191550966"
            }
        ],
        [
            13,
            4,
            15002,
            0,
            0,
            1,
            1,
            1,
            [
                0,
                100
            ],
            0,
            -1,
            [],
            0,
            0,
            0,
            {
                "___cmdID": "94714000160_0.6329215979733911"
            }
        ],
        [
            16,
            15003,
            false,
            {
                "___cmdID": "94714000160_0.6072666046382964"
            }
        ],
        [
            -1,
            {
                "___cmdID": "94714000160_0.05638079727660816"
            }
        ],
        [
            2,
            {
                "___cmdID": "94714000160_0.09154636888166867"
            }
        ],
        [
            -1,
            {
                "___cmdID": "94714000160_0.5139410718287527"
            }
        ],
        [
            2,
            {
                "___cmdID": "94714000160_0.9510169077090969"
            }
        ],
        [
            -1,
            {
                "___cmdID": "94714000160_0.7412258968494978"
            }
        ],
        [
            2,
            {
                "___cmdID": "94714000160_0.49290489383788105"
            }
        ],
        [
            -1,
            {
                "___cmdID": "94713999596_0.5277782891562668"
            }
        ]
    ],
    "id": 14016
}