{
    "allowClient": false,
    "conditionSwitch": 1,
    "updateMode": false,
    "commands": [
        [
            18,
            "//------------------------------------------------------------------------------------------------------\n// 角色出场阶段执行的事件\n//------------------------------------------------------------------------------------------------------",
            {
                "___cmdID": "86761919816_0.01520344089010539"
            }
        ],
        [
            13,
            5,
            15005,
            0,
            0,
            "",
            1,
            1,
            [
                0,
                100
            ],
            0,
            -1,
            [],
            0,
            0,
            0,
            null,
            true,
            [
                7,
                {
                    "type": 0,
                    "systemKeys": 10
                },
                [
                    {
                        "58364137674_0.6367726218843348": 0,
                        "58364471583_0.8375231440388542": 10
                    }
                ]
            ],
            {
                "___cmdID": "86687693229_0.6973684843044359"
            }
        ],
        [
            13,
            5,
            15006,
            0,
            0,
            "",
            1,
            1,
            [
                0,
                100
            ],
            0,
            -1,
            [],
            0,
            0,
            0,
            null,
            true,
            [
                7,
                {
                    "type": 0,
                    "systemKeys": 12
                },
                [
                    {
                        "58364137674_0.6367726218843348": 0,
                        "58364471583_0.8375231440388542": 12
                    }
                ]
            ],
            {
                "___cmdID": "86687693229_0.2832975854353714"
            }
        ],
        [
            13,
            5,
            15009,
            0,
            0,
            "[@s15005]/[@s15006] 选择出场角色",
            1,
            1,
            [
                0,
                100
            ],
            0,
            -1,
            [],
            0,
            0,
            0,
            null,
            false,
            [
                7,
                {
                    "type": 0,
                    "systemKeys": 12
                },
                [
                    {
                        "58364137674_0.6367726218843348": 0,
                        "58364471583_0.8375231440388542": 12
                    }
                ]
            ],
            {
                "___cmdID": "86687693229_0.1354384535149984"
            }
        ],
        [
            13,
            5,
            15005,
            0,
            0,
            "",
            1,
            1,
            [
                0,
                100
            ],
            0,
            -1,
            [],
            0,
            0,
            0,
            null,
            true,
            [
                7,
                {
                    "type": 0,
                    "systemKeys": 0
                },
                [
                    {
                        "58364137674_0.6367726218843348": 0,
                        "58364471583_0.8375231440388542": 0
                    }
                ]
            ],
            {
                "___cmdID": "86687693229_0.05504951173066508"
            }
        ],
        [
            13,
            5,
            15006,
            0,
            0,
            "",
            1,
            1,
            [
                0,
                100
            ],
            0,
            -1,
            [],
            0,
            0,
            0,
            null,
            true,
            [
                7,
                {
                    "type": 0,
                    "systemKeys": 1
                },
                [
                    {
                        "58364137674_0.6367726218843348": 0,
                        "58364471583_0.8375231440388542": 1
                    }
                ]
            ],
            {
                "___cmdID": "86687693229_0.20508398369641823"
            }
        ],
        [
            13,
            5,
            15007,
            0,
            0,
            "",
            1,
            1,
            [
                0,
                100
            ],
            0,
            -1,
            [],
            0,
            0,
            0,
            null,
            true,
            [
                7,
                {
                    "type": 0,
                    "systemKeys": 2
                },
                [
                    {
                        "58364137674_0.6367726218843348": 0,
                        "58364471583_0.8375231440388542": 2
                    }
                ]
            ],
            {
                "___cmdID": "86687693229_0.9875811992166899"
            }
        ],
        [
            13,
            5,
            15008,
            0,
            0,
            "",
            1,
            1,
            [
                0,
                100
            ],
            0,
            -1,
            [],
            0,
            0,
            0,
            null,
            true,
            [
                7,
                {
                    "type": 0,
                    "systemKeys": 3
                },
                [
                    {
                        "58364137674_0.6367726218843348": 0,
                        "58364471583_0.8375231440388542": 3
                    }
                ]
            ],
            {
                "___cmdID": "86687693229_0.9263629548329204"
            }
        ],
        [
            13,
            5,
            15009,
            0,
            0,
            "[@s15009] [@s15005]/[@s15006]/[@s15007]/[@s15008] 选择出场位置",
            1,
            1,
            [
                0,
                100
            ],
            0,
            -1,
            [],
            0,
            0,
            0,
            null,
            false,
            [
                7,
                {
                    "type": 0,
                    "systemKeys": 12
                },
                [
                    {
                        "58364137674_0.6367726218843348": 0,
                        "58364471583_0.8375231440388542": 12
                    }
                ]
            ],
            {
                "___cmdID": "86687693229_0.9742807985117219"
            }
        ],
        [
            13,
            5,
            15005,
            0,
            0,
            "",
            1,
            1,
            [
                0,
                100
            ],
            0,
            -1,
            [],
            0,
            0,
            0,
            null,
            true,
            [
                7,
                {
                    "type": 0,
                    "systemKeys": 4
                },
                [
                    {
                        "58364137674_0.6367726218843348": 0,