{
    "allowClient": false,
    "conditionSwitch": 1,
    "updateMode": false,
    "commands": [
        [
            18,
            "//------------------------------------------------------------------------------------------------------\n// 当读取档案完成时调用该事件\n//------------------------------------------------------------------------------------------------------",
            {
                "___cmdID": "86759742439_0.6283209303230466"
            }
        ],
        [
            40012,
            {
                "49821564836_0.18023666032094843": 0,
                "49821564836_0.05613902618903355": 1,
                "49821564836_0.6578043100778947": 1,
                "49821564836_0.7286666716958285": 5,
                "49821564836_0.40792780858788147": 1,
                "49821586470_0.8966191069628267": false,
                "49821586470_0.5086891336665356": false
            },
            "86686694413_0.2878272738789398"
        ],
        [
            40012,
            {
                "49821564836_0.18023666032094843": 0,
                "49821564836_0.05613902618903355": 1,
                "49821564836_0.6578043100778947": 1,
                "49821564836_0.7286666716958285": 3,
                "49821564836_0.40792780858788147": 1,
                "49821586470_0.8966191069628267": false,
                "49821586470_0.5086891336665356": false
            },
            "86686694413_0.2669191910183728"
        ],
        [
            40011,
            {
                "49816072304_0.03131954665076897": 0,
                "24538808102_0.9970934946254328": 1,
                "49612329479_0.7433565589142674": 1,
                "49819012242_0.02527395671440269": 2003,
                "49819012242_0.4964322333365434": 1,
                "49541474395_0.999063634948089": 1,
                "49541474395_0.4302897217422976": 30,
                "49541474396_0.5364167299087121": "",
                "49141521249_0.2965750598394892": 0,
                "49519573910_0.08853124862540018": 1,
                "49141521416_0.0884961804795068": 0,
                "49519590084_0.3058131165318816": 1,
                "49150249927_0.6881795527970145": 100,
                "49519636189_0.2521948025226537": 1,
                "49232462793_0.7622411974016037": 1,
                "49520636693_0.8404154506260593": 1,
                "49232464582_0.12430969584603324": 1,
                "49520744730_0.6026838995761481": 1,
                "49232999716_0.2133484967243402": 0,
                "49520812848_0.5734967173507821": 1,
                "49234813142_0.3142568229981375": 0,
                "49520873912_0.5927053372462527": 1,
                "49594771755_0.963684096315716": false,
                "49518248081_0.4367396293869368": false,
                "49595153167_0.8002073773406164": 0,
                "49519399740_0.07229930251623617": false,
                "49519436070_0.9418611019894294": false,
                "49519475735_0.9428268094401824": false,
                "49519529748_0.519982170810438": false,
                "49520771123_0.27311479097864666": false,
                "49612315725_0.0667574286485002": false,
                "49819116159_0.3898830536514881": false
            },
            "86686694413_0.13234838158372209"
        ],
        [
            15,
            "等待60帧后关闭读档载入界面",
            true,
            [
                [
                    17,
                    60,
                    0,
                    false,
                    {
                        "___cmdID": "51699570600_0.7106073824444319"
                    }
                ],
                [
                    40012,
                    {
                        "49821564836_0.18023666032094843": 0,
                        "49821564836_0.05613902618903355": 1,
                        "49821564836_0.6578043100778947": 1,
                        "49821564836_0.7286666716958285": 2003,
                        "49821564836_0.40792780858788147": 1,
                        "49821586470_0.8966191069628267": false,
                        "49821586470_0.5086891336665356": false
                    },
                    "51699570600_0.5785842552538916"
                ]
            ],
            "51699569251_0.9219730838923939",
            {
                "___cmdID": "86686694413_0.07705673420387171"
            }
        ],
        [
            -1,
            {
                "___cmdID": "86686693692_0.5120001922157185"
            }
        ]
    ],
    "id": 14006
}