{
    "allowClient": false,
    "conditionSwitch": 1,
    "updateMode": false,
    "commands": [
        [
            18,
            "//------------------------------------------------------------------------------------------------------\n// 角色更换位置阶段执行的事件\n//------------------------------------------------------------------------------------------------------",
            {
                "___cmdID": "86761976496_0.8992457232634317"
            }
        ],
        [
            13,
            5,
            15005,
            0,
            0,
            "",
            1,
            1,
            [
                0,
                100
            ],
            0,
            -1,
            [],
            0,
            0,
            0,
            null,
            true,
            [
                7,
                {
                    "type": 0,
                    "systemKeys": 4
                },
                [
                    {
                        "58364137674_0.6367726218843348": 0,
                        "58364471583_0.8375231440388542": 4
                    }
                ]
            ],
            {
                "___cmdID": "86687700759_0.28871443577785927"
            }
        ],
        [
            13,
            5,
            15006,
            0,
            0,
            "",
            1,
            1,
            [
                0,
                100
            ],
            0,
            -1,
            [],
            0,
            0,
            0,
            null,
            true,
            [
                7,
                {
                    "type": 0,
                    "systemKeys": 5
                },
                [
                    {
                        "58364137674_0.6367726218843348": 0,
                        "58364471583_0.8375231440388542": 5
                    }
                ]
            ],
            {
                "___cmdID": "86687700759_0.9016310296967867"
            }
        ],
        [
            13,
            5,
            15009,
            0,
            0,
            "调整位置 再次点击则返回角色列表 [@s15005] 确定 [@s15006] 取消",
            1,
            1,
            [
                0,
                100
            ],
            0,
            -1,
            [],
            0,
            0,
            0,
            null,
            false,
            [
                7,
                {
                    "type": 0,
                    "systemKeys": 12
                },
                [
                    {
                        "58364137674_0.6367726218843348": 0,
                        "58364471583_0.8375231440388542": 12
                    }
                ]
            ],
            {
                "___cmdID": "86687700759_0.589813665158917"
            }
        ],
        [
            40013,
            {
                "49888868392_0.20897767076252083": [
                    10000001,
                    [
                        30,
                        "{\"transType\":0,\"loopType\":0,\"timeType\":0,\"timeUnit\":1,\"totalTime\":2,\"tweenType\":0,\"tweenTypeName\":\"linearNone\",\"curveData\":[[0,0,0,99,1,1,1,3],[0,100,100]],\"refreshInterval\":16}",
                        {
                            "uiID": 13,
                            "atts": {
                                "52834039717_0.4741434268333542": [
                                    0,
                                    {
                                        "text": "$15009"
                                    },
                                    {
                                        "text": {}
                                    }
                                ]
                            }
                        },
                        0,
                        1,
                        0
                    ]
                ]
            },
            "86687700759_0.206584754027614"
        ],
        [
            -1,
            {
                "___cmdID": "86687700110_0.01304757285087721"
            }
        ]
    ],
    "id": 14025
}