{
    "allowClient": false,
    "conditionSwitch": 1,
    "updateMode": false,
    "commands": [
        [
            18,
            "//------------------------------------------------------------------------------------------------------\n// 准备阶段完毕后正式开始战斗时执行的事件\n//------------------------------------------------------------------------------------------------------",
            {
                "___cmdID": "86761746767_0.2621421086959024"
            }
        ],
        [
            0,
            7,
            0,
            [
                0,
                1,
                1,
                0
            ],
            0,
            0,
            [
                0,
                1,
                1,
                0
            ],
            0,
            [
                1,
                1,
                [
                    0,
                    0
                ]
            ],
            0,
            0,
            [
                1,
                1
            ],
            "",
            "",
            false,
            null,
            [
                7,
                {
                    "type": 1
                },
                [
                    {
                        "53650946851_0.7193045963820268": 1
                    }
                ]
            ],
            null,
            null,
            null,
            null,
            0,
            {
                "___cmdID": "86687669797_0.031327159622086986"
            }
        ],
        [
            40012,
            {
                "49821564836_0.18023666032094843": 0,
                "49821564836_0.05613902618903355": 1,
                "49821564836_0.6578043100778947": 1,
                "49821564836_0.7286666716958285": 13,
                "49821564836_0.40792780858788147": 1,
                "49821586470_0.8966191069628267": false,
                "49821586470_0.5086891336665356": false
            },
            "86687669797_0.9082115637956656"
        ],
        [
            -1,
            {
                "___cmdID": "86687669797_0.831484461366651"
            }
        ],
        [
            2,
            {
                "___cmdID": "86687669797_0.6387243468477886"
            }
        ],
        [
            40010,
            {
                "49809728719_0.046619702255007": 0,
                "24538808102_0.9970934946254328": 1,
                "49612012650_0.7509974095572418": 1,
                "24538808435_0.6230939565765392": 16,
                "49518385245_0.9308839798952664": 1,
                "50689082740_0.526404642451832": false,
                "49141521249_0.2965750598394892": 0,
                "49519573910_0.08853124862540018": 1,
                "49141521416_0.0884961804795068": 0,
                "49519590084_0.3058131165318816": 1,
                "49150249927_0.6881795527970145": 100,
                "49519636189_0.2521948025226537": 1,
                "49232462793_0.7622411974016037": 1,
                "49520636693_0.8404154506260593": 1,
                "49232464582_0.12430969584603324": 1,
                "49520744730_0.6026838995761481": 1,
                "49232999716_0.2133484967243402": 0,
                "49520812848_0.5734967173507821": 1,
                "49234813142_0.3142568229981375": 1,
                "49520873912_0.5927053372462527": 1,
                "49599648354_0.3738368266485066": false,
                "49518248081_0.4367396293869368": false,
                "49599660535_0.0823572381286597": 1,
                "49518318443_0.5988810162565685": false,
                "49519399740_0.07229930251623617": false,
                "49519436070_0.9418611019894294": false,
                "49519475735_0.9428268094401824": false,
                "49519529748_0.519982170810438": false,
                "49520771123_0.27311479097864666": false,
                "49611947752_0.41521729946538755": false
            },
            "86687669797_0.5046247250656795"
        ],
        [
            13,
            3,
            15008,
            0,
            0,
            10,
            1,
            1,
            [
                0,
                100
            ],
            0,
            -1,
            [],
            0,
            0,
            0,
            {
                "___cmdID": "86687669797_0.0342293758351464"
            }
        ],
        [
            80001,
            {
                "74577032484_0.13493609495640202": "asset/audio/bgm/Fierce_1.mp3,1,1",
                "74578579319_0.15291120828407134": 1,
                "74577096874_0.3591907761287778": 0,
                "74578604912_0.9929207213758935": 1,
                "74578368784_0.14741385337394952": false,
                "74578437868_0.8072901569041822": false,
                "74578505525_0.42967771881669203": false
            },
            "86687669797_0.5335756615784177"
        ],
        [
            16,
            15009,
            false,
            {
                "___cmdID": "86687669797_0.3153137354286075"
            }
        ],
        [
            -1,
            {
                "___cmdID": "86687669026_0.7815799573168387"
            }
        ]
    ],
    "id": 14021
}