{
    "allowClient": false,
    "conditionSwitch": 1,
    "updateMode": false,
    "commands": [
        [
            18,
            "//------------------------------------------------------------------------------------------------------\n//  当角色发出普通攻击时执行的事件  触发者=施法者 执行者=目标（仅单体有效）\n//------------------------------------------------------------------------------------------------------",
            {
                "___cmdID": "86762699432_0.23921480182628252"
            }
        ],
        [
            0,
            0,
            4,
            [
                0,
                1,
                1,
                0
            ],
            5,
            0,
            [
                0,
                1,
                1,
                0
            ],
            0,
            [
                1,
                1,
                [
                    0,
                    0
                ]
            ],
            0,
            0,
            [
                1,
                1
            ],
            "",
            "",
            false,
            null,
            null,
            [
                3,
                {
                    "soType1": 0,
                    "soType2": 1,
                    "type": 1,
                    "no1": 0,
                    "useVar1": 0,
                    "useVar2": 0,
                    "varID1": 0,
                    "no2": 0,
                    "varID2": 0,
                    "isGrid": true
                },
                [
                    {
                        "42657572181_0.3786279901991847": 0,
                        "42657654430_0.7123267942414475": 1,
                        "42657667758_0.25574027518164333": 1,
                        "42657934037_0.2787757632586976": 0,
                        "42657840097_0.551639487934348": 0,
                        "42657867485_0.2384841180218784": 0,
                        "42657884236_0.4396302391091458": 0,
                        "42657967742_0.36903061217459765": 0,
                        "42657976445_0.21047304703472736": 0,
                        "42658191342_0.013929447875586032": true
                    }
                ]
            ],
            null,
            null,
            null,
            0,
            0,
            [
                0,
                {},
                ""
            ],
            [
                0,
                {},
                ""
            ],
            {
                "___cmdID": "86687788062_0.6867410847041531"
            }
        ],
        [
            22,
            -4,
            0,
            [
                [
                    25,
                    0,
                    0,
                    0,
                    0
                ]
            ],
            0,
            0,
            false,
            1,
            {
                "___cmdID": "86687788062_0.4194636499448463"
            }
        ],
        [
            -1,
            {
                "___cmdID": "86687788062_0.5434950960582734"
            }
        ],
        [
            2,
            {
                "___cmdID": "86687788062_0.021000910290883468"
            }
        ],
        [
            -1,
            {
                "___cmdID": "86687787411_0.30930051828011185"
            }
        ]
    ],
    "id": 14036
}