{
    "allowClient": false,
    "conditionSwitch": 1,
    "updateMode": false,
    "commands": [
        [
            17,
            15,
            0,
            false,
            {
                "___cmdID": "58094075240_0.7073057286691995"
            }
        ],
        [
            13,
            3,
            15016,
            0,
            5,
            0,
            1,
            1,
            [
                0,
                100
            ],
            0,
            -1,
            [
                2,
                {
                    "type": 2,
                    "posMode": 2,
                    "customAttrName": "",
                    "soType": 3,
                    "useVar": 1,
                    "no": 0,
                    "varID": 15025,
                    "actorAttrName": 0,
                    "actorCustomAttrName": ""
                },
                [
                    {
                        "42657064543_0.724447104540606": 2,
                        "42657260229_0.9459348877505995": 2,
                        "42657330474_0.5456078300460445": "",
                        "42664713486_0.3887133368359288": 3,
                        "42664713486_0.09898355139063386": 1,
                        "42664713486_0.7762137906641664": 0,
                        "42664713486_0.9108713362269023": 15025,
                        "55515190508_0.9159637051309688": 0,
                        "55515190508_0.6846183079056396": ""
                    }
                ]
            ],
            0,
            0,
            0,
            {
                "___cmdID": "58093894267_0.7345072216148898"
            }
        ],
        [
            13,
            3,
            15017,
            0,
            5,
            0,
            1,
            1,
            [
                0,
                100
            ],
            0,
            -1,
            [
                2,
                {
                    "type": 3,
                    "posMode": 2,
                    "customAttrName": "",
                    "soType": 3,
                    "useVar": 1,
                    "no": 0,
                    "varID": 15025,
                    "actorAttrName": 0,
                    "actorCustomAttrName": ""
                },
                [
                    {
                        "42657064543_0.724447104540606": 3,
                        "42657260229_0.9459348877505995": 2,
                        "42657330474_0.5456078300460445": "",
                        "42664713486_0.3887133368359288": 3,
                        "42664713486_0.09898355139063386": 1,
                        "42664713486_0.7762137906641664": 0,
                        "42664713486_0.9108713362269023": 15025,
                        "55515190508_0.9159637051309688": 0,
                        "55515190508_0.6846183079056396": ""
                    }
                ]
            ],
            0,
            0,
            0,
            {
                "___cmdID": "58093924585_0.5518087191276173"
            }
        ],
        [
            13,
            3,
            15017,
            2,
            0,
            30,
            1,
            1,
            [
                0,
                100
            ],
            0,
            -1,
            [
                2,
                {
                    "type": 3,
                    "posMode": 2,
                    "customAttrName": "",
                    "soType": 3,
                    "useVar": 1,
                    "no": 0,
                    "varID": 15025,
                    "actorAttrName": 0,
                    "actorCustomAttrName": ""
                },
                [
                    {
                        "42657064543_0.724447104540606": 3,
                        "42657260229_0.9459348877505995": 2,
                        "42657330474_0.5456078300460445": "",
                        "42664713486_0.3887133368359288": 3,
                        "42664713486_0.09898355139063386": 1,
                        "42664713486_0.7762137906641664": 0,
                        "42664713486_0.9108713362269023": 15025,
                        "55515190508_0.9159637051309688": 0,
                        "55515190508_0.6846183079056396": ""
                    }
                ]
            ],
            0,
            0,
            0,
            {
                "___cmdID": "58094252390_0.44496535303958384"
            }
        ],
        [
            40010,
            {
                "49809728719_0.046619702255007": 0,
                "24538808102_0.9970934946254328": 1,
                "49612012650_0.7509974095572418": 1,
                "24538808435_0.6230939565765392": 25,
                "49518385245_0.9308839798952664": 1,
                "50689082740_0.526404642451832": true,
                "49141521249_0.2965750598394892": 0,
                "49519573910_0.08853124862540018": 15016,
                "49141521416_0.0884961804795068": 0,
                "49519590084_0.3058131165318816": 15017,
                "49150249927_0.6881795527970145": 100,
                "49519636189_0.2521948025226537": 1,
                "49232462793_0.7622411974016037": 1,
                "49520636693_0.8404154506260593": 1,
                "49232464582_0.12430969584603324": 1,
                "49520744730_0.6026838995761481": 1,
                "49232999716_0.2133484967243402": 0,
                "49520812848_0.5734967173507821": 1,
                "49234813142_0.3142568229981375": 0,
                "49520873912_0.5927053372462527": 1,
                "49599648354_0.3738368266485066": false,
                "49518248081_0.4367396293869368": true,
                "49599660535_0.0823572381286597": 1,
                "49518318443_0.5988810162565685": false,
                "49519399740_0.07229930251623617": true,
                "49519436070_0.9418611019894294": false,
                "49519475735_0.9428268094401824": false,
                "49519529748_0.519982170810438": false,
                "49520771123_0.27311479097864666": false,
                "49611947752_0.41521729946538755": false
            },
            "53850061052_0.7379080204063537"
        ],
        [
            13,
            3,
            15017,
            1,
            0,
            30,
            1,
            1,
            [
                0,
                100
            ],
            0,
            -1,
            [
                2,
                {
                    "type": 3,
                    "posMode": 2,
                    "customAttrName": "",
                    "soType": 3,
                    "useVar": 1,
                    "no": 0,
                    "varID": 15025,
                    "actorAttrName": 0,
                    "actorCustomAttrName": ""
                },
                [
                    {
                        "42657064543_0.724447104540606": 3,
                        "42657260229_0.9459348877505995": 2,
                        "42657330474_0.5456078300460445": "",
                        "42664713486_0.3887133368359288": 3,
                        "42664713486_0.09898355139063386": 1,
                        "42664713486_0.7762137906641664": 0,
                        "42664713486_0.9108713362269023": 15025,
                        "55515190508_0.9159637051309688": 0,
                        "55515190508_0.6846183079056396": ""
                    }
                ]
            ],
            0,
            0,
            0,
            {
                "___cmdID": "58094232639_0.6368017651406013"
            }
        ],
        [
            40011,
            {
                "49816072304_0.03131954665076897": 0,
                "24538808102_0.9970934946254328": 1,
                "49612329479_0.7433565589142674": 1,
                "49819012242_0.02527395671440269": 25,