{
    "allowClient": false,
    "conditionSwitch": 1,
    "updateMode": false,
    "commands": [
        [
            40012,
            {
                "49821564836_0.18023666032094843": 0,
                "49821564836_0.05613902618903355": 1,
                "49821564836_0.6578043100778947": 1,
                "49821564836_0.7286666716958285": 20,
                "49821564836_0.40792780858788147": 1,
                "49821586470_0.8966191069628267": false,
                "49821586470_0.5086891336665356": false
            },
            "53489245344_0.866650829440315"
        ]
    ],
    "id": 15028
}