{
    "allowClient": false,
    "conditionSwitch": 1,
    "updateMode": false,
    "commands": [
        [
            40012,
            {
                "49821564836_0.18023666032094843": 0,
                "49821564836_0.05613902618903355": 1,
                "49821564836_0.6578043100778947": 1,
                "49821564836_0.7286666716958285": 26,
                "49821564836_0.40792780858788147": 1,
                "49821586470_0.8966191069628267": false,
                "49821586470_0.5086891336665356": false
            },
            "53461302237_0.6552527366835754"
        ],
        [
            20,
            "索引行动者",
            "// 当前的事件触发器：trigger: CommandTrigger;\nGameBattle.nextPlayerControl();",
            "GameBattle.nextPlayerControl();\n",
            {
                "___cmdID": "90042444233_0.08274913591076016"
            }
        ],
        [
            -1,
            {
                "___cmdID": "90029459238_0.7712304023203413"
            }
        ]
    ],
    "id": 15034
}