{
    "allowClient": false,
    "conditionSwitch": 1,
    "updateMode": false,
    "commands": [
        [
            16,
            15015,
            false,
            {
                "___cmdID": "56257015271_0.2689812303362993"
            }
        ],
        [
            16,
            15017,
            false,
            {
                "___cmdID": "56257026671_0.037122673731063704"
            }
        ],
        [
            40012,
            {
                "49821564836_0.18023666032094843": 0,
                "49821564836_0.05613902618903355": 1,
                "49821564836_0.6578043100778947": 1,
                "49821564836_0.7286666716958285": 16,
                "49821564836_0.40792780858788147": 1,
                "49821586470_0.8966191069628267": false,
                "49821586470_0.5086891336665356": false
            },
            "56257161264_0.6288638743028601"
        ],
        [
            16,
            15028,
            false,
            {
                "___cmdID": "56257164062_0.9113615573910885"
            }
        ],
        [
            16,
            15031,
            false,
            {
                "___cmdID": "56257175321_0.368656877460785"
            }
        ]
    ],
    "id": 15013
}