{
    "allowClient": false,
    "conditionSwitch": 1,
    "updateMode": false,
    "commands": [
        [
            40010,
            {
                "49809728719_0.046619702255007": 0,
                "24538808102_0.9970934946254328": 1,
                "49612012650_0.7509974095572418": 1,
                "24538808435_0.6230939565765392": 14,
                "49518385245_0.9308839798952664": 1,
                "50689082740_0.526404642451832": false,
                "49141521249_0.2965750598394892": 0,
                "49519573910_0.08853124862540018": 1,
                "49141521416_0.0884961804795068": 0,
                "49519590084_0.3058131165318816": 1,
                "49150249927_0.6881795527970145": 100,
                "49519636189_0.2521948025226537": 1,
                "49232462793_0.7622411974016037": 1,
                "49520636693_0.8404154506260593": 1,
                "49232464582_0.12430969584603324": 1,
                "49520744730_0.6026838995761481": 1,
                "49232999716_0.2133484967243402": 0,
                "49520812848_0.5734967173507821": 1,
                "49234813142_0.3142568229981375": 1,
                "49520873912_0.5927053372462527": 1,
                "49599648354_0.3738368266485066": false,
                "49518248081_0.4367396293869368": false,
                "49599660535_0.0823572381286597": 1,
                "49518318443_0.5988810162565685": false,
                "49519399740_0.07229930251623617": false,
                "49519436070_0.9418611019894294": false,
                "49519475735_0.9428268094401824": false,
                "49519529748_0.519982170810438": false,
                "49520771123_0.27311479097864666": false,
                "49611947752_0.41521729946538755": false
            },
            "53113952006_0.07059893063114298"
        ],
        [
            10006,
            {
                "43116786368_0.23178410671608396": 14,
                "43117015271_0.2081558338356242": 0,
                "43116889650_0.018569816468136047": 0,
                "43117085030_0.4123983693617099": true,
                "43117219727_0.38599060748568337": false,
                "43117233536_0.8263175172410291": false,
                "43117582494_0.7141452782530264": [],
                "43117822585_0.22839272131408905": [],
                "43122778565_0.23059761478282237": 1014,
                "43123033690_0.3095368621419785": true,
                "57900429419_0.2996340688410737": false,
                "57900444568_0.6265545155866081": 0,
                "43180391950_0.9875223532686348": true,
                "57603068825_0.9125473096569985": false,
                "57603068825_0.5581866770833697": ""
            },
            "53113997324_0.03067182121981893"
        ],
        [
            13,
            3,
            15016,
            0,
            5,
            0,
            1,
            1,
            [
                0,
                100
            ],
            0,
            -1,
            [
                10,
                {
                    "inBattleType": 1,
                    "type1": 0,
                    "type2": 5,
                    "isGrid": true
                },
                [
                    {
                        "55512735249_0.21314326670109462": 1,
                        "55512881736_0.32320700048998896": 0,
                        "55514599485_0.89882234672339": 5,
                        "56018079648_0.20425462679000095": true
                    }
                ]
            ],
            0,
            0,
            0,
            {
                "___cmdID": "58094753750_0.05134038391968354"
            }
        ],
        [
            0,
            4,
            0,
            [
                0,
                1,
                1,
                0
            ],
            0,
            0,
            [
                0,
                1,
                1,
                0
            ],
            0,
            [
                1,
                1,
                [
                    0,
                    0
                ]
            ],
            0,
            0,
            [
                1,
                1
            ],
            "",
            "// 已行动完毕\r\nvar fromBattler = GameBattleController.currentOperationBattler;\r\n!GameBattleHelper.canAttack(fromBattler);",
            true,
            "var fromBattler = GameBattleController.currentOperationBattler;\n!GameBattleHelper.canAttack(fromBattler);\n",
            [
                4,
                {
                    "soType": 3,
                    "soIndex": 0,
                    "type": 30,
                    "useVar": 1,
                    "soIndexVarID": 15016,
                    "soCustomAttrName": "",
                    "skillID": 1,
                    "skillIDVarID": 1,
                    "skillUseVar": 0,
                    "equipID": 1,
                    "equipIDVarID": 1,
                    "equipUseVar": 0,
                    "itemID": 1,
                    "itemIDVarID": 1,
                    "itemUseVar": 0,
                    "statusID": 1,
                    "statusIDVarID": 1,
                    "statusUseVar": 0,
                    "statusLayer": 1,
                    "classID": 1,
                    "classIDVarID": 1,
                    "classUseVar": 0
                },
                [
                    {
                        "42101689101_0.6879949317343748": 3,
                        "42101720516_0.026869997028315717": 0,
                        "42101779038_0.15678413160599147": 30,
                        "42661807674_0.5035298264879151": 1,
                        "42661834927_0.1710008427717309": 15016,
                        "43741282515_0.3588303387286125": "",
                        "55510832742_0.7758439706888256": 1,
                        "55510832742_0.7842644397784782": 1,
                        "55510832742_0.2248266003262207": 0,
                        "55510855199_0.15183375383886144": 1,
                        "55510855199_0.7656853028226167": 1,
                        "55510855199_0.06442593905949412": 0,
                        "55510859800_0.007648925080344426": 1,
                        "55510859800_0.9242819534097566": 1,
                        "55510859800_0.8107700510412073": 0,
                        "55510861168_0.3753652884715599": 1,
                        "55510861168_0.7819355017089424": 1,
                        "55510861168_0.1400963719462669": 0,
                        "55511279913_0.30379955050592256": 1,
                        "55510863663_0.0486924534322517": 1,
                        "55510863663_0.5059431410321218": 1,
                        "55510863664_0.8906239783642502": 0
                    }
                ]
            ],
            null,
            null,
            null,
            null,
            0,
            0,
            [
                0,
                {},
                ""
            ],
            [
                0,
                {},
                ""
            ],
            {
                "___cmdID": "53924958551_0.6398180041006973"
            }
        ],
        [
            40013,
            {
                "49888868392_0.20897767076252083": [
                    10000001,
                    [
                        30,
                        "{\"transType\":0,\"loopType\":0,\"timeType\":0,\"timeUnit\":1,\"totalTime\":2,\"tweenType\":0,\"tweenTypeName\":\"linearNone\",\"curveData\":[[0,0,0,99,1,1,1,3],[0,100,100]],\"refreshInterval\":16}",
                        {
                            "uiID": 14,
                            "atts": {
                                "53053878018_0.7029521473486793": [
                                    0,
                                    {
                                        "color": "#cccccc",