{
    "allowClient": false,
    "conditionSwitch": 1,
    "updateMode": false,
    "commands": [
        [
            0,
            5,
            0,
            [
                0,
                1,
                1,
                0
            ],
            0,
            0,
            [
                0,
                1,
                1,
                0
            ],
            0,
            [
                1,
                1,
                [
                    0,
                    0
                ]
            ],
            0,
            0,
            [
                1,
                1
            ],
            "",
            "",
            false,
            null,
            [
                5,
                {
                    "checkType": 0,
                    "uiIDVarID": 0,
                    "uiID": 6,
                    "useVarID": 0,
                    "type": 4,
                    "uiComp": {}
                },
                [
                    {
                        "57914168403_0.302692571540746": 0,
                        "42668749327_0.5044332572445289": 0,
                        "42662223132_0.13407162179315324": 6,
                        "42668749764_0.405507816846465": 0,
                        "42668805260_0.7826262589690147": 4,
                        "57914217101_0.991823814587729": {}
                    }
                ]
            ],
            null,
            null,
            null,
            null,
            0,
            0,
            [
                0,
                {},
                ""
            ],
            [
                0,
                {},
                ""
            ],
            {
                "___cmdID": "90054271229_0.7106153579994012"
            }
        ],
        [
            40012,
            {
                "49821564836_0.18023666032094843": 0,
                "49821564836_0.05613902618903355": 1,
                "49821564836_0.6578043100778947": 1,
                "49821564836_0.7286666716958285": 6,
                "49821564836_0.40792780858788147": 1,
                "49821586470_0.8966191069628267": false,
                "49821586470_0.5086891336665356": false
            },
            "90054309419_0.5186432175837787"
        ],
        [
            10006,
            {
                "43116786368_0.23178410671608396": 15,
                "43117015271_0.2081558338356242": 0,
                "43116889650_0.018569816468136047": 0,
                "43117085030_0.4123983693617099": true,
                "43117219727_0.38599060748568337": false,
                "43117233536_0.8263175172410291": false,
                "43117582494_0.7141452782530264": [],
                "43117822585_0.22839272131408905": [],
                "43122778565_0.23059761478282237": 0,
                "43123033690_0.3095368621419785": false,
                "57900429419_0.2996340688410737": false,
                "57900444568_0.6265545155866081": 0,
                "43180391950_0.9875223532686348": true,
                "57603068825_0.9125473096569985": false,
                "57603068825_0.5581866770833697": ""
            },
            "90054388677_0.7510114589368411"
        ],
        [
            14,
            {
                "___cmdID": "90054293470_0.441588332611331"
            }
        ],
        [
            -1,
            {
                "___cmdID": "90054289960_0.2890610857329514"
            }
        ],
        [
            2,
            {
                "___cmdID": "90054289960_0.3265707709332104"
            }
        ],
        [
            40012,
            {
                "49821564836_0.18023666032094843": 0,
                "49821564836_0.05613902618903355": 1,
                "49821564836_0.6578043100778947": 1,
                "49821564836_0.7286666716958285": 15,
                "49821564836_0.40792780858788147": 1,
                "49821586470_0.8966191069628267": false,
                "49821586470_0.5086891336665356": false
            },
            "53859759156_0.7819496712001306"
        ],
        [
            -1,
            {
                "___cmdID": "90053747064_0.7029802244487617"
            }
        ]
    ],
    "id": 15017
}