{
    "allowClient": false,
    "conditionSwitch": 1,
    "updateMode": false,
    "commands": [
        [
            40012,
            {
                "49821564836_0.18023666032094843": 0,
                "49821564836_0.05613902618903355": 1,
                "49821564836_0.6578043100778947": 1,
                "49821564836_0.7286666716958285": 19,
                "49821564836_0.40792780858788147": 1,
                "49821586470_0.8966191069628267": false,
                "49821586470_0.5086891336665356": false
            },
            "54084540657_0.5895960617723497"
        ],
        [
            0,
            5,
            0,
            [
                0,
                1,
                1,
                0
            ],
            0,
            0,
            [
                0,
                1,
                1,
                0
            ],
            0,
            [
                1,
                1,
                [
                    0,
                    0
                ]
            ],
            0,
            0,
            [
                1,
                1
            ],
            "",
            "",
            false,
            null,
            [
                5,
                {
                    "checkType": 0,
                    "uiIDVarID": 0,
                    "uiID": 14,
                    "useVarID": 0,
                    "type": 2,
                    "uiComp": {}
                },
                [
                    {
                        "57914168403_0.302692571540746": 0,
                        "42668749327_0.5044332572445289": 0,
                        "42662223132_0.13407162179315324": 14,
                        "42668749764_0.405507816846465": 0,
                        "42668805260_0.7826262589690147": 2,
                        "57914217101_0.991823814587729": {}
                    }
                ]
            ],
            null,
            null,
            null,
            null,
            0,
            0,
            [
                0,
                {},
                ""
            ],
            [
                0,
                {},
                ""
            ],
            {
                "___cmdID": "54089496761_0.6872856924724036"
            }
        ],
        [
            16,
            15014,
            false,
            {
                "___cmdID": "58095509751_0.8742432256257293"
            }
        ],
        [
            2,
            {
                "___cmdID": "54089497647_0.25907177795765945"
            }
        ]
    ],
    "id": 15025
}