{
    "allowClient": false,
    "conditionSwitch": 1,
    "updateMode": false,
    "commands": [
        [
            40010,
            {
                "49809728719_0.046619702255007": 0,
                "24538808102_0.9970934946254328": 1,
                "49612012650_0.7509974095572418": 1,
                "24538808435_0.6230939565765392": 15,
                "49518385245_0.9308839798952664": 1,
                "50689082740_0.526404642451832": false,
                "49141521249_0.2965750598394892": 0,
                "49519573910_0.08853124862540018": 1,
                "49141521416_0.0884961804795068": 0,
                "49519590084_0.3058131165318816": 1,
                "49150249927_0.6881795527970145": 100,
                "49519636189_0.2521948025226537": 1,
                "49232462793_0.7622411974016037": 1,
                "49520636693_0.8404154506260593": 1,
                "49232464582_0.12430969584603324": 1,
                "49520744730_0.6026838995761481": 1,
                "49232999716_0.2133484967243402": 0,
                "49520812848_0.5734967173507821": 1,
                "49234813142_0.3142568229981375": 1,
                "49520873912_0.5927053372462527": 1,
                "49599648354_0.3738368266485066": false,
                "49518248081_0.4367396293869368": false,
                "49599660535_0.0823572381286597": 1,
                "49518318443_0.5988810162565685": false,
                "49519399740_0.07229930251623617": false,
                "49519436070_0.9418611019894294": false,
                "49519475735_0.9428268094401824": false,
                "49519529748_0.519982170810438": false,
                "49520771123_0.27311479097864666": false,
                "49611947752_0.41521729946538755": false
            },
            "53114636150_0.9966387484880439"
        ],
        [
            10006,
            {
                "43116786368_0.23178410671608396": 15,
                "43117015271_0.2081558338356242": 0,
                "43116889650_0.018569816468136047": 0,
                "43117085030_0.4123983693617099": true,
                "43117219727_0.38599060748568337": false,
                "43117233536_0.8263175172410291": false,
                "43117582494_0.7141452782530264": [],
                "43117822585_0.22839272131408905": [],
                "43122778565_0.23059761478282237": 0,
                "43123033690_0.3095368621419785": false,
                "57900429419_0.2996340688410737": false,
                "57900444568_0.6265545155866081": 0,
                "43180391950_0.9875223532686348": true,
                "57603068825_0.9125473096569985": false,
                "57603068825_0.5581866770833697": ""
            },
            "53114636150_0.5630188597375831"
        ]
    ],
    "id": 15016
}