{
    "allowClient": false,
    "conditionSwitch": 1,
    "updateMode": false,
    "commands": [
        [
            40012,
            {
                "49821564836_0.18023666032094843": 0,
                "49821564836_0.05613902618903355": 1,
                "49821564836_0.6578043100778947": 1,
                "49821564836_0.7286666716958285": 14,
                "49821564836_0.40792780858788147": 1,
                "49821586470_0.8966191069628267": false,
                "49821586470_0.5086891336665356": false
            },
            "53859752461_0.6917224538289262"
        ],
        [
            20,
            "解除镜头锁定的对象",
            "// 当前的事件触发器：trigger: CommandTrigger;\nGame.currentScene.camera.sceneObject = null;",
            "Game.currentScene.camera.sceneObject = null;\n",
            {
                "___cmdID": "90309406657_0.8669282293559046"
            }
        ],
        [
            -1,
            {
                "___cmdID": "90309403359_0.8247168377427401"
            }
        ]
    ],
    "id": 15015
}