{
    "allowClient": false,
    "conditionSwitch": 1,
    "updateMode": false,
    "commands": [
        [
            40010,
            {
                "49809728719_0.046619702255007": 0,
                "24538808102_0.9970934946254328": 1,
                "49612012650_0.7509974095572418": 1,
                "24538808435_0.6230939565765392": 20,
                "49518385245_0.9308839798952664": 1,
                "50689082740_0.526404642451832": true,
                "49141521249_0.2965750598394892": 0,
                "49519573910_0.08853124862540018": 1,
                "49141521416_0.0884961804795068": 0,
                "49519590084_0.3058131165318816": 1,
                "49150249927_0.6881795527970145": 100,
                "49519636189_0.2521948025226537": 1,
                "49232462793_0.7622411974016037": 1,
                "49520636693_0.8404154506260593": 1,
                "49232464582_0.12430969584603324": 1,
                "49520744730_0.6026838995761481": 1,
                "49232999716_0.2133484967243402": 0,
                "49520812848_0.5734967173507821": 1,
                "49234813142_0.3142568229981375": 1,
                "49520873912_0.5927053372462527": 1,
                "49599648354_0.3738368266485066": false,
                "49518248081_0.4367396293869368": false,
                "49599660535_0.0823572381286597": 1,
                "49518318443_0.5988810162565685": false,
                "49519399740_0.07229930251623617": false,
                "49519436070_0.9418611019894294": false,
                "49519475735_0.9428268094401824": false,
                "49519529748_0.519982170810438": false,
                "49520771123_0.27311479097864666": false,
                "49611947752_0.41521729946538755": false
            },
            "53489226828_0.8205212792218641"
        ],
        [
            20,
            "刷新当前战斗者信息",
            "// 当前的事件触发器：trigger: CommandTrigger;\nvar battler = (trigger.trigger as ProjectSceneObject_1);\nvar actor = battler.battlerSetting.battleActor;\nvar ui: GUI_20 = GameUI.get(20) as any;\nvar actorInfo: GUI_BattlerBriefInfo = ui.actorInfo as any;\nactorInfo.setActor(actor, battler);",
            "var battler = trigger.trigger;\nvar actor = battler.battlerSetting.battleActor;\nvar ui = GameUI.get(20);\nvar actorInfo = ui.actorInfo;\nactorInfo.setActor(actor, battler);\n",
            {
                "___cmdID": "53489309195_0.3813960845122504"
            }
        ]
    ],
    "id": 15027
}