{
    "31870501239_0.5446454449699711": {
        "condition": [],
        "commands": [
            [
                [
                    80005,
                    {
                        "74577032484_0.13493609495640202": "asset/audio/se/menu/Down.mp3,1,1.3",
                        "74578579319_0.15291120828407134": 1,
                        "91116691228_0.19588751423957396": 1,
                        "91116362027_0.0524615397494288": true,
                        "74587606222_0.5579985331498136": false,
                        "74587987674_0.5977703161602927": false
                    },
                    "76375603862_0.0899265658067867"
                ],
                [
                    50005,
                    null,
                    "76375599364_0.6776126785269088"
                ],
                [
                    -1,
                    {
                        "___cmdID": "91125735145_0.5460376494905712"
                    }
                ]
            ],
            [],
            [],
            [],
            [],
            [],
            [],
            [],
            [],
            [],
            [],
            []
        ]
    },
    "42254365299_0.44715336593450794": {
        "condition": [],
        "commands": [
            [],
            [],
            [],
            [],
            [],
            [],
            [],
            [],
            [],
            [],
            [],
            []
        ]
    },
    "42588246189_0.3946571868821098": {
        "condition": [],
        "commands": [
            [
                [
                    80005,
                    {
                        "74577032484_0.13493609495640202": "asset/audio/se/menu/Down.mp3,1,1.3",
                        "74578579319_0.15291120828407134": 1,
                        "91116691228_0.19588751423957396": 1,
                        "91116362027_0.0524615397494288": true,
                        "74587606222_0.5579985331498136": false,
                        "74587987674_0.5977703161602927": false
                    },
                    "76375632739_0.7752280132360845"
                ],
                [
                    40010,
                    {
                        "49809728719_0.046619702255007": 0,
                        "24538808102_0.9970934946254328": 1,
                        "49612012650_0.7509974095572418": 1,
                        "24538808435_0.6230939565765392": 2,
                        "49518385245_0.9308839798952664": 1,
                        "50689082740_0.526404642451832": false,
                        "49141521249_0.2965750598394892": 0,
                        "49519573910_0.08853124862540018": 1,
                        "49141521416_0.0884961804795068": 0,
                        "49519590084_0.3058131165318816": 1,
                        "49150249927_0.6881795527970145": 100,
                        "49519636189_0.2521948025226537": 1,
                        "49232462793_0.7622411974016037": 1,
                        "49520636693_0.8404154506260593": 1,
                        "49232464582_0.12430969584603324": 1,
                        "49520744730_0.6026838995761481": 1,
                        "49232999716_0.2133484967243402": 0,
                        "49520812848_0.5734967173507821": 1,
                        "49234813142_0.3142568229981375": 1,
                        "49520873912_0.5927053372462527": 1,
                        "49599648354_0.3738368266485066": false,
                        "49518248081_0.4367396293869368": false,
                        "49599660535_0.0823572381286597": 1,
                        "49518318443_0.5988810162565685": false,
                        "49519399740_0.07229930251623617": false,
                        "49519436070_0.9418611019894294": false,
                        "49519475735_0.9428268094401824": false,
                        "49519529748_0.519982170810438": false,
                        "49520771123_0.27311479097864666": false,
                        "49611947752_0.41521729946538755": false
                    },
                    "51700862960_0.14925697267846383"
                ],
                [
                    -1,
                    {
                        "___cmdID": "91125740328_0.6876143721896468"
                    }
                ]
            ],
            [],
            [],
            [],
            [],
            [],
            [],
            [],
            [],
            [],
            [],
            []
        ]
    },
    "42588260235_0.0513781451358899": {
        "condition": [],
        "commands": [
            [
                [
                    80005,
                    {
                        "74577032484_0.13493609495640202": "asset/audio/se/menu/Down.mp3,1,1.3",
                        "74578579319_0.15291120828407134": 1,
                        "91116691228_0.19588751423957396": 1,
                        "91116362027_0.0524615397494288": true,
                        "74587606222_0.5579985331498136": false,
                        "74587987674_0.5977703161602927": false
                    },
                    "76375636455_0.49814243103956235"
                ],
                [
                    50011,
                    null,
                    "76375635331_0.4923545331603647"
                ],
                [
                    -1,
                    {
                        "___cmdID": "91125745761_0.3662160459734807"
                    }
                ]
            ],
            [],
            [],
            [],
            [],
            [],
            [],
            [],
            [],
            [],
            [],
            []
        ]
    },
    "43812710574_0.1490047165345576": {
        "condition": [],
        "commands": [
            [],
            [],
            [],
            [],
            [],
            [],
            [],
            [],
            [],
            [],
            [],
            []
        ]
    },
    "57462635210_0.5487216569745066": {
        "condition": [],
        "commands": [
            [],
            [],
            [],
            [],
            [],
            [],
            [],
            [],
            [],
            [],
            [],
            []
        ]
    },
    "57462767486_0.9059966817439107": {
        "condition": [],
        "commands": [
            [],
            [],
            [],
            [],
            [],
            [],
            [],
            [],
            [],
            [],
            [],
            []
        ]
    },
    "57462841693_0.5820927913697027": {
        "condition": [],
        "commands": [
            [],
            [],
            [],
            [],
            [],
            [],
            [],
            [],
            [],
            [],
            [],
            []
        ]
    },
    "57462841693_0.9051506814091881": {
        "condition": [],
        "commands": [
            [],
            [],
            [],
            [],
            [],
            [],
            [],
            [],
            [],
            [],
            [],
            []
        ]
    },
    "57463621090_0.7652751011575516": {
        "condition": [],
        "commands": [
            [],
            [],
            [],
            [],
            [],
            [],
            [],
            [],
            [],
            [],
            [],
            []
        ]
    },
    "57463651166_0.8979204383873507": {
        "condition": [],
        "commands": [
            [],
            [],
            [],
            [],
            [],
            [],
            [],
            [],
            [],
            [],
            [],
            []
        ]
    },
    "57463666859_0.0731284925526543": {
        "condition": [],