{
    "53100052979_0.991700030241244": {
        "condition": [],
        "commands": [
            [
                [
                    80005,
                    {
                        "74577032484_0.13493609495640202": "asset/audio/se/menu/Disable_1.mp3,1,1",
                        "74578579319_0.15291120828407134": 1,
                        "91116691228_0.19588751423957396": 1,
                        "91116362027_0.0524615397494288": true,
                        "74587606222_0.5579985331498136": false,
                        "74587987674_0.5977703161602927": false
                    },
                    "91126787384_0.7938756637820736"
                ],
                [
                    20,
                    "索引行动者",
                    "// 当前的事件触发器：trigger: CommandTrigger;\nGameBattle.nextPlayerControl();",
                    "GameBattle.nextPlayerControl();\n",
                    {
                        "___cmdID": "53105116135_0.06550047619897947"
                    }
                ],
                [
                    40012,
                    {
                        "49821564836_0.18023666032094843": 0,
                        "49821564836_0.05613902618903355": 1,
                        "49821564836_0.6578043100778947": 1,
                        "49821564836_0.7286666716958285": 15,
                        "49821564836_0.40792780858788147": 1,
                        "49821586470_0.8966191069628267": false,
                        "49821586470_0.5086891336665356": false
                    },
                    "53105116135_0.4980500560025318"
                ],
                [
                    -1,
                    {
                        "___cmdID": "91126785076_0.9375208244217061"
                    }
                ]
            ],
            [],
            [],
            [],
            [],
            [],
            [],
            [],
            [],
            [],
            [],
            []
        ]
    },
    "53100052979_0.13069032937044578": {
        "condition": [],
        "commands": [
            [
                [
                    80005,
                    {
                        "74577032484_0.13493609495640202": "asset/audio/se/menu/Disable_1.mp3,1,1",
                        "74578579319_0.15291120828407134": 1,
                        "91116691228_0.19588751423957396": 1,
                        "91116362027_0.0524615397494288": true,
                        "74587606222_0.5579985331498136": false,
                        "74587987674_0.5977703161602927": false
                    },
                    "91126789065_0.35959206554151635"
                ],
                [
                    13,
                    3,
                    15008,
                    0,
                    0,
                    10,
                    1,
                    1,
                    [
                        0,
                        100
                    ],
                    0,
                    -1,
                    [],
                    0,
                    0,
                    0,
                    {
                        "___cmdID": "53105100571_0.31542806926297584"
                    }
                ],
                [
                    40012,
                    {
                        "49821564836_0.18023666032094843": 0,
                        "49821564836_0.05613902618903355": 1,
                        "49821564836_0.6578043100778947": 1,
                        "49821564836_0.7286666716958285": 15,
                        "49821564836_0.40792780858788147": 1,
                        "49821586470_0.8966191069628267": false,
                        "49821586470_0.5086891336665356": false
                    },
                    "53195026771_0.2980591547001066"
                ],
                [
                    16,
                    15009,
                    false,
                    {
                        "___cmdID": "53105100571_0.8038717130348376"
                    }
                ],
                [
                    -1,
                    {
                        "___cmdID": "91126788176_0.14830433379253893"
                    }
                ]
            ],
            [],
            [],
            [],
            [],
            [],
            [],
            [],
            [],
            [],
            [],
            []
        ]
    },
    "53100052980_0.05450755122612483": {
        "condition": [],
        "commands": [
            [
                [
                    80005,
                    {
                        "74577032484_0.13493609495640202": "asset/audio/se/menu/Disable_1.mp3,1,1",
                        "74578579319_0.15291120828407134": 1,
                        "91116691228_0.19588751423957396": 1,
                        "91116362027_0.0524615397494288": true,
                        "74587606222_0.5579985331498136": false,
                        "74587987674_0.5977703161602927": false
                    },
                    "91126791424_0.7347795725864112"
                ],
                [
                    20,
                    "结束我方可控制人员行动",
                    "// 当前的事件触发器：trigger: CommandTrigger;\nGameBattleController.battleCommand_controlComplete(false);",
                    "GameBattleController.battleCommand_controlComplete(false);\n",
                    {
                        "___cmdID": "53104562659_0.9819641884889767"
                    }
                ],
                [
                    40012,
                    {
                        "49821564836_0.18023666032094843": 0,
                        "49821564836_0.05613902618903355": 1,
                        "49821564836_0.6578043100778947": 1,
                        "49821564836_0.7286666716958285": 15,
                        "49821564836_0.40792780858788147": 1,
                        "49821586470_0.8966191069628267": false,
                        "49821586470_0.5086891336665356": false
                    },
                    "53104562659_0.2538163443379624"
                ],
                [
                    -1,
                    {
                        "___cmdID": "91126790227_0.46422493690312794"
                    }
                ]
            ],
            [],
            [],
            [],
            [],
            [],
            [],
            [],
            [],
            [],
            [],
            []
        ]
    },
    "53100052980_0.1592180482249561": {
        "condition": [],
        "commands": [
            [
                [
                    80005,
                    {
                        "74577032484_0.13493609495640202": "asset/audio/se/menu/Disable_1.mp3,1,1",
                        "74578579319_0.15291120828407134": 1,
                        "91116691228_0.19588751423957396": 1,
                        "91116362027_0.0524615397494288": true,
                        "74587606222_0.5579985331498136": false,
                        "74587987674_0.5977703161602927": false
                    },
                    "91126793850_0.44795054120212874"
                ],
                [
                    20,
                    "结束我方所有成员行动",
                    "// 当前的事件触发器：trigger: CommandTrigger;\nGameBattleController.battleCommand_controlComplete(true);",
                    "GameBattleController.battleCommand_controlComplete(true);\n",
                    {
                        "___cmdID": "53103868437_0.6647522237631871"
                    }
                ],
                [
                    40012,
                    {
                        "49821564836_0.18023666032094843": 0,
                        "49821564836_0.05613902618903355": 1,
                        "49821564836_0.6578043100778947": 1,
                        "49821564836_0.7286666716958285": 15,