{
    "57636413603_0.25982113332166046": {
        "condition": [],
        "commands": [
            [],
            [],
            [],
            [],
            [],
            [],
            [],
            [],
            [],
            [],
            [],
            []
        ]
    },
    "57636413603_0.025939507215455126": {
        "condition": [],
        "commands": [
            [],
            [],
            [],
            [],
            [],
            [],
            [],
            [],
            [],
            [],
            [],
            []
        ]
    },
    "57636502291_0.7043466022892293": {
        "condition": [],
        "commands": [
            [],
            [],
            [],
            [],
            [],
            [],
            [],
            [],
            [],
            [],
            [],
            []
        ]
    },
    "root": {
        "commands": [
            [],
            [],
            [],
            [],
            [],
            [],
            [],
            [],
            [],
            [],
            [],
            []
        ]
    },
    "58465769854_0.7055553081660164": {
        "condition": [],
        "commands": [
            [
                [
                    80005,
                    {
                        "74577032484_0.13493609495640202": "asset/audio/se/menu/Disable_1.mp3,1,1",
                        "74578579319_0.15291120828407134": 1,
                        "91116691228_0.19588751423957396": 1,
                        "91116362027_0.0524615397494288": true,
                        "74587606222_0.5579985331498136": false,
                        "74587987674_0.5977703161602927": false
                    },
                    "91126895699_0.2798645815876204"
                ],
                [
                    40012,
                    {
                        "49821564836_0.18023666032094843": 0,
                        "49821564836_0.05613902618903355": 1,
                        "49821564836_0.6578043100778947": 1,
                        "49821564836_0.7286666716958285": 24,
                        "49821564836_0.40792780858788147": 1,
                        "49821586470_0.8966191069628267": false,
                        "49821586470_0.5086891336665356": false
                    },
                    "58465775699_0.10614641717994777"
                ],
                [
                    60002,
                    {
                        "53369750499_0.3968928029193861": 0
                    },
                    "58465775699_0.005488753557933546"
                ],
                [
                    -1,
                    {
                        "___cmdID": "91126894728_0.3891724841636488"
                    }
                ]
            ],
            [],
            [],
            [],
            [],
            [],
            [],
            [],
            [],
            [],
            [],
            []
        ]
    }
}