{
    "42589355785_0.2078430154299178": {
        "condition": [],
        "commands": [
            [],
            [],
            [],
            [],
            [],
            [],
            [],
            [],
            [],
            [],
            [],
            []
        ]
    },
    "42589466129_0.3726889281933452": {
        "condition": [],
        "commands": [
            [
                [
                    0,
                    5,
                    0,
                    [
                        0,
                        1,
                        1,
                        0
                    ],
                    0,
                    0,
                    [
                        0,
                        1,
                        1,
                        0
                    ],
                    0,
                    [
                        1,
                        1,
                        [
                            0,
                            0
                        ]
                    ],
                    0,
                    0,
                    [
                        1,
                        1
                    ],
                    "",
                    "",
                    true,
                    null,
                    [
                        5,
                        {
                            "checkType": 0,
                            "uiIDVarID": 0,
                            "uiID": 1,
                            "useVarID": 0,
                            "type": 2,
                            "uiComp": {}
                        },
                        [
                            {
                                "57914168403_0.302692571540746": 0,
                                "42668749327_0.5044332572445289": 0,
                                "42662223132_0.13407162179315324": 1,
                                "42668749764_0.405507816846465": 0,
                                "42668805260_0.7826262589690147": 2,
                                "57914217101_0.991823814587729": {}
                            }
                        ]
                    ],
                    null,
                    null,
                    null,
                    null,
                    0,
                    0,
                    [
                        0,
                        {},
                        ""
                    ],
                    [
                        0,
                        {},
                        ""
                    ],
                    {
                        "___cmdID": "51700876724_0.9474797398450998"
                    }
                ],
                [
                    40012,
                    {
                        "49821564836_0.18023666032094843": 0,
                        "49821564836_0.05613902618903355": 1,
                        "49821564836_0.6578043100778947": 1,
                        "49821564836_0.7286666716958285": 2,
                        "49821564836_0.40792780858788147": 1,
                        "49821586470_0.8966191069628267": false,
                        "49821586470_0.5086891336665356": false
                    },
                    "58068649192_0.13243635364375606"
                ],
                [
                    80005,
                    {
                        "74577032484_0.13493609495640202": "asset/audio/se/menu/Up.mp3,1,0.75",
                        "74578579319_0.15291120828407134": 1,
                        "91116691228_0.19588751423957396": 2,
                        "91116362027_0.0524615397494288": true,
                        "74587606222_0.5579985331498136": false,
                        "74587987674_0.5977703161602927": false
                    },
                    "76375644234_0.6426405756339637"
                ],
                [
                    10006,
                    {
                        "43116786368_0.23178410671608396": 1,
                        "43117015271_0.2081558338356242": 0,
                        "43116889650_0.018569816468136047": 0,
                        "43117085030_0.4123983693617099": true,
                        "43117219727_0.38599060748568337": false,
                        "43117233536_0.8263175172410291": false,
                        "43117582494_0.7141452782530264": [],
                        "43117822585_0.22839272131408905": [],
                        "43122778565_0.23059761478282237": 0,
                        "43123033690_0.3095368621419785": false,
                        "57900429419_0.2996340688410737": false,
                        "57900444568_0.6265545155866081": 0,
                        "43180391950_0.9875223532686348": false,
                        "57603068825_0.9125473096569985": false,
                        "57603068825_0.5581866770833697": ""
                    },
                    "51700876724_0.5227201786025848"
                ],
                [
                    -1,
                    {
                        "___cmdID": "91125752245_0.9816719840750834"
                    }
                ],
                [
                    1,
                    {
                        "___cmdID": "51700876724_0.48235333531429014"
                    }
                ],
                [
                    16,
                    15001,
                    false,
                    {
                        "___cmdID": "58065367052_0.21603095037236364"
                    }
                ],
                [
                    -1,
                    {
                        "___cmdID": "91125752245_0.771264712447131"
                    }
                ],
                [
                    2,
                    {
                        "___cmdID": "51700876724_0.10580273088628767"
                    }
                ],
                [
                    -1,
                    {
                        "___cmdID": "91125752245_0.6581115230339964"
                    }
                ]
            ],
            [],
            [],
            [],
            [],
            [],
            [],
            [],
            [],
            [],
            [],
            []
        ]
    },
    "42589505701_0.9866923249665291": {
        "condition": [],
        "commands": [
            [],
            [],
            [],
            [],
            [],
            [],
            [],
            [],
            [],
            [],
            [],
            []
        ]
    },
    "43903442200_0.23229042047070259": {
        "condition": [],
        "commands": [
            [],
            [],
            [],
            [],
            [],
            [],
            [],
            [],
            [],
            [],
            [],
            []
        ]
    },
    "57112954728_0.4430978902490763": {
        "condition": [],
        "commands": [
            [],
            [],
            [],
            [],
            [],
            [],
            [],
            [],
            [],
            [],
            [],
            []
        ]
    },
    "57113726295_0.3467134976051869": {
        "condition": [],
        "commands": [
            [],
            [],
            [],
            [],
            [],
            [],
            [],
            [],
            [],
            [],
            [],
            []
        ]
    },
    "57113769364_0.7661814842133894": {
        "condition": [],
        "commands": [
            [],
            [],
            [],
            [],
            [],
            [],
            [],
            [],
            [],
            [],
            [],
            []
        ]
    },
    "57113819699_0.2599907709919589": {
        "condition": [],