{
    "53369540663_0.7421272863428636": {
        "condition": [],
        "commands": [
            [],
            [],
            [],
            [],
            [],
            [],
            [],
            [],
            [],
            [],
            [],
            []
        ]
    },
    "53369563547_0.8627342299902967": {
        "condition": [],
        "commands": [
            [],
            [],
            [],
            [],
            [],
            [],
            [],
            [],
            [],
            [],
            [],
            []
        ]
    },
    "57636561963_0.9706376415774232": {
        "condition": [],
        "commands": [
            [],
            [],
            [],
            [],
            [],
            [],
            [],
            [],
            [],
            [],
            [],
            []
        ]
    },
    "root": {
        "commands": [
            [],
            [],
            [],
            [],
            [],
            [],
            [],
            [],
            [],
            [],
            [],
            []
        ]
    },
    "58465667259_0.07771919029473184": {
        "condition": [],
        "commands": [
            [
                [
                    80005,
                    {
                        "74577032484_0.13493609495640202": "asset/audio/se/menu/Disable_1.mp3,1,1",
                        "74578579319_0.15291120828407134": 1,
                        "91116691228_0.19588751423957396": 1,
                        "91116362027_0.0524615397494288": true,
                        "74587606222_0.5579985331498136": false,
                        "74587987674_0.5977703161602927": false
                    },
                    "91126888120_0.8955645285461173"
                ],
                [
                    40012,
                    {
                        "49821564836_0.18023666032094843": 0,
                        "49821564836_0.05613902618903355": 1,
                        "49821564836_0.6578043100778947": 1,
                        "49821564836_0.7286666716958285": 23,
                        "49821564836_0.40792780858788147": 1,
                        "49821586470_0.8966191069628267": false,
                        "49821586470_0.5086891336665356": false
                    },
                    "58465694565_0.8490262460931353"
                ],
                [
                    60002,
                    {
                        "53369750499_0.3968928029193861": 0
                    },
                    "58465694565_0.5712272629786785"
                ],
                [
                    -1,
                    {
                        "___cmdID": "91126886111_0.7678460318893321"
                    }
                ]
            ],
            [],
            [],
            [],
            [],
            [],
            [],
            [],
            [],
            [],
            [],
            []
        ]
    }
}