{
    "51696286771_0.6058864503409911": {
        "condition": [],
        "commands": [
            [],
            [],
            [],
            [],
            [],
            [],
            [],
            [],
            [],
            [],
            [],
            []
        ]
    },
    "51696291141_0.22343351146858081": {
        "condition": [],
        "commands": [
            [],
            [],
            [],
            [],
            [],
            [],
            [],
            [],
            [],
            [],
            [],
            []
        ]
    },
    "51696322440_0.5974341707489947": {
        "condition": [],
        "commands": [
            [
                [
                    40012,
                    {
                        "49821564836_0.18023666032094843": 0,
                        "49821564836_0.05613902618903355": 1,
                        "49821564836_0.6578043100778947": 1,
                        "49821564836_0.7286666716958285": 3001,
                        "49821564836_0.40792780858788147": 1,
                        "49821586470_0.8966191069628267": false,
                        "49821586470_0.5086891336665356": false
                    },
                    "51696343443_0.9825337282238826"
                ]
            ],
            [],
            [],
            [],
            [],
            [],
            [],
            [],
            [],
            [],
            [],
            []
        ]
    },
    "root": {
        "commands": [
            [],
            [],
            [],
            [],
            [],
            [],
            [],
            [],
            [],
            [],
            [],
            []
        ]
    }
}