{
    "attrs": {
        "icon": {
            "varType": 1,
            "value": "asset/image/picture/icon/item/Medicine_3.png",
            "copy": false
        },
        "intro": {
            "varType": 1,
            "value": "使用后可以解除中毒状态！(消耗行动力)",
            "copy": false
        },
        "sell": {
            "varType": 0,
            "value": 15,
            "copy": false
        },
        "isUse": {
            "varType": 2,
            "value": true,
            "copy": false
        },
        "sellEnabled": {
            "varType": 2,
            "value": true,
            "copy": false
        },
        "isConsumables": {
            "varType": 2,
            "value": true,
            "copy": false
        },
        "callEvent": {
            "varType": 1,
            "value": "\u000558501002485_0.4916327025564544\u0005[[13,3,10,0,5,0,1,1,[0,100],0,-1,[10,{\"inBattleType\":0,\"type1\":0,\"type2\":0},[{\"55512735249_0.21314326670109462\":0,\"55512881736_0.32320700048998896\":0,\"55514599485_0.89882234672339\":0}]],0,0,0,{\"___cmdID\":\"55720580961_0.9064420298430957\"}],[0,9,0,[0,1,1,0],0,0,[0,1,1,0],0,[1,1,[0,0]],0,0,[1,1],\"\",\"\",true,null,[9,{\"actorCheckType\":1,\"actorID\":1,\"actorIDVarID\":1,\"actorUseVar\":0,\"actorInPartyIndex\":0,\"actorInPartyIndexVarID\":10,\"actorInPartyIndexVarIDUseVar\":1,\"soType\":0,\"soIndex\":0,\"soIndexVarID\":0,\"soUseVar\":0,\"checkType\":0,\"skillID\":18,\"skillIDVarID\":1,\"skillUseVar\":0,\"equipID\":1,\"equipIDVarID\":1,\"equipUseVar\":0,\"itemID\":1,\"itemIDVarID\":1,\"itemUseVar\":0},[{\"55513143533_0.5302145257010193\":1,\"55508724903_0.7502421926171299\":1,\"55508724903_0.13470311693669923\":1,\"55508724903_0.28003974527546216\":0,\"55513255467_0.8625626125763828\":0,\"55513287641_0.6610324319144831\":10,\"55513305359_0.4159630684102371\":1,\"55805961077_0.8207355970200656\":0,\"55805961077_0.5592347646492\":0,\"55805961077_0.44174530533762213\":0,\"55805961077_0.8045509535706652\":0,\"55509303462_0.44611005016302063\":0,\"55508887840_0.9335623061256861\":18,\"55508887840_0.8870166085693407\":1,\"55508887840_0.17682053179748713\":0,\"55509183241_0.45187684799348293\":1,\"55509183241_0.3513860735664618\":1,\"55509183241_0.3868669612927593\":0,\"55510676651_0.646974126826602\":1,\"55510676651_0.7990798663791363\":1,\"55510676651_0.9784233063867349\":0}]],null,null,null,null,0,{\"___cmdID\":\"55776812590_0.7156884535913011\"}],[67,\"asset/audio/se/menu/Disable_1.mp3\",1,0.5,{\"___cmdID\":\"55807077201_0.7072044769241566\"}],[1,{\"___cmdID\":\"55776877587_0.8002032554239367\"}],[70003,{\"55527400855_0.6086360836949274\":1,\"55527562377_0.7508950509284333\":1,\"55527562377_0.731509340781807\":1,\"55527562377_0.8331237650586341\":0,\"55528338903_0.9999491656184849\":0,\"55528338903_0.3209302986858511\":10,\"55528338903_0.24559266262014057\":1,\"55535271115_0.17048674092876115\":1,\"55535271115_0.1683672850358202\":0,\"55535271115_0.6831616831671219\":1,\"55535271115_0.72546797140679\":0,\"55528563906_0.27787171529667987\":0,\"55530591350_0.9041615047808431\":18,\"55530591350_0.8919851371221097\":1,\"55530591350_0.6682847145458071\":0},\"55776883869_0.7233326912119926\"],[67,\"asset/audio/se/menu/Get.mp3\",1,0.5,{\"___cmdID\":\"55807090737_0.25390228602569564\"}],[11,1,null,\"\",3,-3,\"<span style='color:#FfFffF'>学习成功！</span>\",null,1,0,{\"___cmdID\":\"55776889717_0.24033849899668946\"}],[2,{\"___cmdID\":\"55776847222_0.5792521255828282\"}]]",
            "copy": false
        },
        "se": {
            "varType": 1,
            "value": "asset/audio/se/item/Drink_2.mp3,1,1",
            "copy": false,
            "volume": "1",
            "pitch": "1"
        },
        "useType": {
            "varType": 0,
            "value": 2,
            "copy": false
        },
        "isSingleTarget": {
            "varType": 2,
            "value": true,
            "copy": false
        },
        "releaseAnimation": {
            "varType": 0,
            "value": 0,
            "copy": false
        },
        "recoveryHP": {
            "varType": 0,
            "value": 0,
            "copy": false
        },
        "recoverySP": {
            "varType": 0,
            "value": 0,
            "copy": false
        },
        "costActionPower": {
            "varType": 2,
            "value": true,
            "copy": false
        },
        "addStatus": {
            "varType": 6,
            "value": [],
            "copy": false
        },
        "removeStatus": {
            "varType": 6,
            "value": [
                5
            ],
            "copy": false
        },
        "描述": {
            "varType": 1,
            "value": "",
            "copy": false
        },
        "未命名变量": {
            "varType": 1,
            "value": "",
            "copy": false
        }
    },
    "id": 3
}