{
    "attrs": {
        "icon": {
            "varType": 1,
            "value": "asset/image/picture/icon/equip/Book_1.png",
            "copy": false
        },
        "intro": {
            "varType": 1,
            "value": "学习后习得《召唤术》。",
            "copy": false
        },
        "sell": {
            "varType": 0,
            "value": 0,
            "copy": false
        },
        "isUse": {
            "varType": 2,
            "value": true,
            "copy": false
        },
        "sellEnabled": {
            "varType": 2,
            "value": true,
            "copy": false
        },
        "isConsumables": {
            "varType": 2,
            "value": false,
            "copy": false
        },
        "callEvent": {
            "varType": 1,
            "value": "选中的角色习得技能\u000561010231479_0.3925525026450145\u0005[[18,\"==========================================================================\\n★ 根据当前选中的角色找到该角色，然后该角色学习技能\\n==========================================================================\",{\"___cmdID\":\"58634768548_0.5923394656941565\"}],[13,3,15016,0,5,0,1,1,[0,100],0,-1,[10,{\"inBattleType\":0,\"type1\":0,\"type2\":0,\"isGrid\":true},[{\"55512735249_0.21314326670109462\":0,\"55512881736_0.32320700048998896\":0,\"55514599485_0.89882234672339\":0,\"56018079648_0.20425462679000095\":true}]],0,0,0,{\"___cmdID\":\"58634659020_0.8046540783855403\"}],[18,\"★ 角色的class表示角色的职业（通过角色模块鼠标移动至职业上会显示该变量名称），class==4表示判定是否是4号职业\",{\"___cmdID\":\"58635109840_0.0662607991533295\"}],[0,0,4,[0,1,1,0],0,0,[4,1,1,0],0,[1,1,[0,0]],0,0,[1,1],\"\",\"\",true,null,null,[4,{\"type\":4,\"itemID\":1,\"customAttrName\":\"\",\"actorCheckType\":1,\"actorID\":1,\"actorIDVarID\":1,\"actorUseVar\":0,\"actorInPartyIndex\":0,\"actorInPartyIndexVarID\":15016,\"actorInPartyIndexVarIDUseVar\":1,\"actorAttrName\":19,\"actorCustomAttrName\":\"class\"},[{\"42658697920_0.521797091125876\":4,\"42658755593_0.30830009866665464\":1,\"42658786591_0.003637264112336336\":\"\",\"55513745056_0.6057668801209353\":1,\"55513511654_0.6967365315015379\":1,\"55513511654_0.10302855257685217\":1,\"55513511654_0.6470204655164553\":0,\"55513649112_0.8515444614927652\":0,\"55513649112_0.15440621075311212\":15016,\"55513649112_0.3480813090616228\":1,\"55512124254_0.8844153275685496\":19,\"55512342675_0.36833097823807326\":\"class\"}]],null,null,null,0,0,[0,{},\"\"],[0,{},\"\"],{\"___cmdID\":\"58635086890_0.04841288762856122\"}],[70003,{\"55527400855_0.6086360836949274\":1,\"55527562377_0.7508950509284333\":1,\"55527562377_0.731509340781807\":1,\"55527562377_0.8331237650586341\":0,\"55528338903_0.9999491656184849\":0,\"55528338903_0.3209302986858511\":15016,\"55528338903_0.24559266262014057\":1,\"55535271115_0.17048674092876115\":1,\"55535271115_0.1683672850358202\":0,\"55535271115_0.6831616831671219\":1,\"55535271115_0.72546797140679\":0,\"55528563906_0.27787171529667987\":0,\"55530591350_0.9041615047808431\":12,\"55530591350_0.8919851371221097\":1,\"55530591350_0.6682847145458071\":0},\"58635179701_0.8301842089945171\"],[67,\"asset/audio/se/menu/Remove_1.mp3\",1,1.5,{\"___cmdID\":\"58635197108_0.4576371817442153\"}],[30002,{\"42682144777_0.3487209414476453\":1,\"42682144777_0.6569329395427423\":5,\"42682144777_0.919367325584687\":0,\"42682144777_0.7753044986403907\":0,\"42682250058_0.3295333449833837\":0,\"42682256265_0.9585521481462491\":1,\"42682458307_0.09379042465303233\":0},\"58635233325_0.10531696479365715\"],[11,13,null,\"\",3,-3,\"<span style='color:#FfFffF'>拉芙娜习得【召唤术】。</span>\",null,1,0,{\"___cmdID\":\"58635179701_0.11084588359945369\"}],[1,{\"___cmdID\":\"58635182076_0.04306422696934886\"}],[67,\"asset/audio/se/menu/Disable_1.mp3\",1,1,{\"___cmdID\":\"58635211173_0.7456394014032965\"}],[2,{\"___cmdID\":\"58635104939_0.7676031301920356\"}]]",
            "copy": false
        },
        "se": {
            "varType": 1,
            "value": ",1,1",
            "copy": false,
            "volume": "1",
            "pitch": "1"
        },
        "useType": {
            "varType": 0,
            "value": 1,
            "copy": false
        },
        "isSingleTarget": {
            "varType": 2,
            "value": true,
            "copy": false
        },
        "releaseAnimation": {
            "varType": 0,
            "value": 1,
            "copy": false
        },
        "recoveryHP": {
            "varType": 0,
            "value": 0,
            "copy": false
        },
        "recoverySP": {
            "varType": 0,
            "value": 0,
            "copy": false
        },
        "costActionPower": {
            "varType": 2,
            "value": true,
            "copy": false
        },
        "addStatus": {
            "varType": 6,
            "value": [],
            "copy": false
        },
        "removeStatus": {
            "varType": 6,
            "value": [],
            "copy": false
        },
        "描述": {
            "varType": 1,
            "value": "",
            "copy": false
        },
        "未命名变量": {
            "varType": 1,
            "value": "",
            "copy": false
        }
    },
    "id": 5
}